gene_id	gene_symbol	description	scientific_name	common_name	tax_id	genomic_range	orientation	location	gene_type	transcript_accession	transcript_name	transcript_length	transcript_cds_coords	protein_accession	isoform_name	protein_length	protein_name
1111	CHEK1	checkpoint kinase 1	Homo sapiens	human	9606	NC_000011.10:125624910-125676255	+	chr 11	PROTEIN_CODING	NR_045204.1	transcript variant 5	3950					
1111	CHEK1	checkpoint kinase 1	Homo sapiens	human	9606	NC_000011.10:125624910-125676255	+	chr 11	PROTEIN_CODING	NR_045205.1	transcript variant 6	3711					
1111	CHEK1	checkpoint kinase 1	Homo sapiens	human	9606	NC_000011.10:125624910-125676255	+	chr 11	PROTEIN_CODING	XM_011542560.2	transcript variant X1	3295	XM_011542560.2:852-2330	XP_011540862.1	isoform X1	492	serine/threonine-protein kinase Chk1
1111	CHEK1	checkpoint kinase 1	Homo sapiens	human	9606	NC_000011.10:125624910-125676255	+	chr 11	PROTEIN_CODING	NM_001114121.2	transcript variant 2	2699	NM_001114121.2:898-2328	NP_001107593.1	isoform 1	476	serine/threonine-protein kinase Chk1
1111	CHEK1	checkpoint kinase 1	Homo sapiens	human	9606	NC_000011.10:125624910-125676255	+	chr 11	PROTEIN_CODING	NM_001244846.1	transcript variant 4	4072	NM_001244846.1:898-2226	NP_001231775.1	isoform 2	442	serine/threonine-protein kinase Chk1
1111	CHEK1	checkpoint kinase 1	Homo sapiens	human	9606	NC_000011.10:125624910-125676255	+	chr 11	PROTEIN_CODING	NM_001330427.2	transcript variant 7	2432	NM_001330427.2:950-2077	NP_001317356.2	isoform 3	375	serine/threonine-protein kinase Chk1
1111	CHEK1	checkpoint kinase 1	Homo sapiens	human	9606	NC_000011.10:125624910-125676255	+	chr 11	PROTEIN_CODING	NM_001114122.3	transcript variant 1	4128	NM_001114122.3:871-2301	NP_001107594.1	isoform 1	476	serine/threonine-protein kinase Chk1
1111	CHEK1	checkpoint kinase 1	Homo sapiens	human	9606	NC_000011.10:125624910-125676255	+	chr 11	PROTEIN_CODING	XM_017017146.2	transcript variant X3	2477	XM_017017146.2:82-1512	XP_016872635.1	isoform X2	476	serine/threonine-protein kinase Chk1
1111	CHEK1	checkpoint kinase 1	Homo sapiens	human	9606	NC_000011.10:125624910-125676255	+	chr 11	PROTEIN_CODING	NM_001330428.1	transcript variant 8	3480	NM_001330428.1:498-1646	NP_001317357.1	isoform 4	382	serine/threonine-protein kinase Chk1
1111	CHEK1	checkpoint kinase 1	Homo sapiens	human	9606	NC_000011.10:125624910-125676255	+	chr 11	PROTEIN_CODING	XM_024448337.1	transcript variant X2	3585	XM_024448337.1:332-1762	XP_024304105.1	isoform X2	476	serine/threonine-protein kinase Chk1
1111	CHEK1	checkpoint kinase 1	Homo sapiens	human	9606	NC_000011.10:125624910-125676255	+	chr 11	PROTEIN_CODING	NM_001274.5	transcript variant 3	3517	NM_001274.5:241-1671	NP_001265.2	isoform 1	476	serine/threonine-protein kinase Chk1
