gene_id	gene_symbol	description	scientific_name	common_name	tax_id	genomic_range	orientation	location	gene_type	transcript_accession	transcript_name	transcript_length	transcript_cds_coords	protein_accession	isoform_name	protein_length	protein_name
101128958	CASP2	caspase 2	Gorilla gorilla	western gorilla	9593	NC_044609.1:135662966-135682334	+	chr 7	PROTEIN_CODING	XR_002006818.2	transcript variant X3	1334					
101128958	CASP2	caspase 2	Gorilla gorilla	western gorilla	9593	NC_044609.1:135662966-135682334	+	chr 7	PROTEIN_CODING	XM_019031025.2	transcript variant X1	4111	XM_019031025.2:134-1492	XP_018886570.1	isoform X1	452	caspase-2
101128958	CASP2	caspase 2	Gorilla gorilla	western gorilla	9593	NC_044609.1:135662966-135682334	+	chr 7	PROTEIN_CODING	XM_019031027.2	transcript variant X4	1165	XM_019031027.2:134-1165	XP_018886572.1	isoform X3	343	caspase-2
101128958	CASP2	caspase 2	Gorilla gorilla	western gorilla	9593	NC_044609.1:135662966-135682334	+	chr 7	PROTEIN_CODING	XM_019031026.2	transcript variant X2	2984	XM_019031026.2:1133-2398	XP_018886571.1	isoform X2	421	caspase-2
