gene_id	gene_symbol	description	scientific_name	common_name	tax_id	genomic_range	orientation	location	gene_type	transcript_accession	transcript_name	transcript_length	transcript_cds_coords	protein_accession	isoform_name	protein_length	protein_name
101138567	BRCA1	BRCA1 DNA repair associated	Gorilla gorilla	western gorilla	9593	NC_044607.1:38839499-38920871	+	chr 5	PROTEIN_CODING	XM_031011552.1	transcript variant X1	7215	XM_031011552.1:233-5824	XP_030867412.1	isoform X1	1863	breast cancer type 1 susceptibility protein homolog
101138567	BRCA1	BRCA1 DNA repair associated	Gorilla gorilla	western gorilla	9593	NC_044607.1:38839499-38920871	+	chr 5	PROTEIN_CODING	XM_031011561.1	transcript variant X10	3900	XM_031011561.1:233-2512	XP_030867421.1	isoform X8	759	breast cancer type 1 susceptibility protein homolog
101138567	BRCA1	BRCA1 DNA repair associated	Gorilla gorilla	western gorilla	9593	NC_044607.1:38839499-38920871	+	chr 5	PROTEIN_CODING	XM_031011555.1	transcript variant X4	6651	XM_031011555.1:233-5821	XP_030867415.1	isoform X2	1862	breast cancer type 1 susceptibility protein homolog
101138567	BRCA1	BRCA1 DNA repair associated	Gorilla gorilla	western gorilla	9593	NC_044607.1:38839499-38920871	+	chr 5	PROTEIN_CODING	XM_031011556.1	transcript variant X5	6651	XM_031011556.1:233-5821	XP_030867416.1	isoform X3	1862	breast cancer type 1 susceptibility protein homolog
101138567	BRCA1	BRCA1 DNA repair associated	Gorilla gorilla	western gorilla	9593	NC_044607.1:38839499-38920871	+	chr 5	PROTEIN_CODING	XM_031011560.1	transcript variant X9	3345	XM_031011560.1:233-2515	XP_030867420.1	isoform X7	760	breast cancer type 1 susceptibility protein homolog
101138567	BRCA1	BRCA1 DNA repair associated	Gorilla gorilla	western gorilla	9593	NC_044607.1:38839499-38920871	+	chr 5	PROTEIN_CODING	XM_031011559.1	transcript variant X8	5681	XM_031011559.1:233-5632	XP_030867419.1	isoform X6	1799	breast cancer type 1 susceptibility protein homolog
101138567	BRCA1	BRCA1 DNA repair associated	Gorilla gorilla	western gorilla	9593	NC_044607.1:38839499-38920871	+	chr 5	PROTEIN_CODING	XM_031011553.1	transcript variant X2	6615	XM_031011553.1:194-5785	XP_030867413.1	isoform X1	1863	breast cancer type 1 susceptibility protein homolog
101138567	BRCA1	BRCA1 DNA repair associated	Gorilla gorilla	western gorilla	9593	NC_044607.1:38839499-38920871	+	chr 5	PROTEIN_CODING	XM_031011554.1	transcript variant X3	6679	XM_031011554.1:258-5849	XP_030867414.1	isoform X1	1863	breast cancer type 1 susceptibility protein homolog
101138567	BRCA1	BRCA1 DNA repair associated	Gorilla gorilla	western gorilla	9593	NC_044607.1:38839499-38920871	+	chr 5	PROTEIN_CODING	XM_031011557.1	transcript variant X6	6581	XM_031011557.1:163-5751	XP_030867417.1	isoform X4	1862	breast cancer type 1 susceptibility protein homolog
101138567	BRCA1	BRCA1 DNA repair associated	Gorilla gorilla	western gorilla	9593	NC_044607.1:38839499-38920871	+	chr 5	PROTEIN_CODING	XM_031011562.1	transcript variant X11	3272	XM_031011562.1:163-2442	XP_030867422.1	isoform X9	759	breast cancer type 1 susceptibility protein homolog
101138567	BRCA1	BRCA1 DNA repair associated	Gorilla gorilla	western gorilla	9593	NC_044607.1:38839499-38920871	+	chr 5	PROTEIN_CODING	XM_031011558.1	transcript variant X7	6401	XM_031011558.1:121-5571	XP_030867418.1	isoform X5	1816	breast cancer type 1 susceptibility protein homolog
